Experiment_name,SPI,Treatment,Cell Line + Treatment,Cell Line,Origin,Mode,Density,pvalue,sliding_time_window_size,neighbors_dist_threshold
field13_crop-001_ROI#1_annotation_apop.csv,0.10066760365425165,Apoptosis,MCF10A+field13_crop-001_roi#1_annotation_apop.csv,MCF10A,field13_colony,Apoptosis,237,0.0,5,33
field13_crop-001_ROI#1_annotation_nec.csv,0.3738830399009113,Necrosis,MCF10A+field13_crop-001_roi#1_annotation_nec.csv,MCF10A,field13_colony,Necrosis,309,0.0,5,33
Field14-002_ROI#1_annotation_apop.csv,0.2080287289983327,Apoptosis,MCF10A+field14-002_roi#1_annotation_apop.csv,MCF10A,field14_colony,Apoptosis,387,0.0,5,33
Field14-002_ROI#1_annotation_nec.csv,0.4243425076452599,Necrosis,MCF10A+field14-002_roi#1_annotation_nec.csv,MCF10A,field14_colony,Necrosis,249,0.0,5,33
7-20-23_10arednuclei_ROI#10_annotation_apop.csv,-1.2666666666666666,Apoptosis,MCF10A+7-20-23_10arednuclei_roi#10_annotation_apop.csv,MCF10A,field11_colony,Apoptosis,47,0.755,5,33
7-20-23_10arednuclei_ROI#10_annotation_nec.csv,0.41709453337360314,Necrosis,MCF10A+7-20-23_10arednuclei_roi#10_annotation_nec.csv,MCF10A,field11_colony,Necrosis,142,0.0,5,33
7-20-23_10arednuclei_ROI#13_or14_both_colonies_annotation_apop.csv,0.2510896948854321,Apoptosis,MCF10A+7-20-23_10arednuclei_roi#13_or14_both_colonies_annotation_apop.csv,MCF10A,field14_two_colony,Apoptosis,248,0.0,5,33
7-20-23_10arednuclei_ROI#13_or14_both_colonies_annotation_nec.csv,0.5963185922667285,Necrosis,MCF10A+7-20-23_10arednuclei_roi#13_or14_both_colonies_annotation_nec.csv,MCF10A,field14_two_colony,Necrosis,348,0.0,5,33
field13_crop-001_ROI#1_annotation_mixed.csv,0.3868672137196676,MixedColony,MCF10A+field13_crop-001_roi#1_annotation_mixed.csv,MCF10A,field13_colony,mixed,546,0.0,5,33
Field14-002_ROI#1_annotation_mixed.csv,0.3750312203406763,MixedColony,MCF10A+field14-002_roi#1_annotation_mixed.csv,MCF10A,field14_colony,mixed,641,0.0,5,33
7-20-23_10arednuclei_ROI#13_or14_both_colonies_annotation_mixed.csv,0.6225511607215077,MixedColony,MCF10A+7-20-23_10arednuclei_roi#13_or14_both_colonies_annotation_mixed.csv,MCF10A,field14_two_colony,mixed,596,0.0,5,33
field13_crop-001_ROI#1_annotation_apop.csv,0.10499300046663555,Apoptosis,MCF10A+field13_crop-001_roi#1_annotation_apop.csv,MCF10A,field13_colony,Apoptosis,237,0.0,10,33
field13_crop-001_ROI#1_annotation_nec.csv,0.3714891361950186,Necrosis,MCF10A+field13_crop-001_roi#1_annotation_nec.csv,MCF10A,field13_colony,Necrosis,309,0.0,10,33
Field14-002_ROI#1_annotation_apop.csv,0.20595039198046527,Apoptosis,MCF10A+field14-002_roi#1_annotation_apop.csv,MCF10A,field14_colony,Apoptosis,387,0.0,10,33
Field14-002_ROI#1_annotation_nec.csv,0.4297779922779923,Necrosis,MCF10A+field14-002_roi#1_annotation_nec.csv,MCF10A,field14_colony,Necrosis,249,0.0,10,33
7-20-23_10arednuclei_ROI#10_annotation_apop.csv,-1.182716049382716,Apoptosis,MCF10A+7-20-23_10arednuclei_roi#10_annotation_apop.csv,MCF10A,field11_colony,Apoptosis,47,0.758,10,33
7-20-23_10arednuclei_ROI#10_annotation_nec.csv,0.41797346200241253,Necrosis,MCF10A+7-20-23_10arednuclei_roi#10_annotation_nec.csv,MCF10A,field11_colony,Necrosis,142,0.0,10,33
7-20-23_10arednuclei_ROI#13_or14_both_colonies_annotation_apop.csv,0.24892721074794466,Apoptosis,MCF10A+7-20-23_10arednuclei_roi#13_or14_both_colonies_annotation_apop.csv,MCF10A,field14_two_colony,Apoptosis,248,0.0,10,33
7-20-23_10arednuclei_ROI#13_or14_both_colonies_annotation_nec.csv,0.596412037037037,Necrosis,MCF10A+7-20-23_10arednuclei_roi#13_or14_both_colonies_annotation_nec.csv,MCF10A,field14_two_colony,Necrosis,348,0.0,10,33
field13_crop-001_ROI#1_annotation_mixed.csv,0.3875547765118317,MixedColony,MCF10A+field13_crop-001_roi#1_annotation_mixed.csv,MCF10A,field13_colony,mixed,546,0.0,10,33
Field14-002_ROI#1_annotation_mixed.csv,0.3770279685478253,MixedColony,MCF10A+field14-002_roi#1_annotation_mixed.csv,MCF10A,field14_colony,mixed,641,0.0,10,33
7-20-23_10arednuclei_ROI#13_or14_both_colonies_annotation_mixed.csv,0.6222700707474623,MixedColony,MCF10A+7-20-23_10arednuclei_roi#13_or14_both_colonies_annotation_mixed.csv,MCF10A,field14_two_colony,mixed,596,0.0,10,33
field13_crop-001_ROI#1_annotation_apop.csv,0.0930644019815995,Apoptosis,MCF10A+field13_crop-001_roi#1_annotation_apop.csv,MCF10A,field13_colony,Apoptosis,237,0.001,30,33
field13_crop-001_ROI#1_annotation_nec.csv,0.36459989401165876,Necrosis,MCF10A+field13_crop-001_roi#1_annotation_nec.csv,MCF10A,field13_colony,Necrosis,309,0.0,30,33
Field14-002_ROI#1_annotation_apop.csv,0.20588801231479703,Apoptosis,MCF10A+field14-002_roi#1_annotation_apop.csv,MCF10A,field14_colony,Apoptosis,387,0.0,30,33
Field14-002_ROI#1_annotation_nec.csv,0.424597364568082,Necrosis,MCF10A+field14-002_roi#1_annotation_nec.csv,MCF10A,field14_colony,Necrosis,249,0.0,30,33
7-20-23_10arednuclei_ROI#10_annotation_apop.csv,-1.1814814814814816,Apoptosis,MCF10A+7-20-23_10arednuclei_roi#10_annotation_apop.csv,MCF10A,field11_colony,Apoptosis,47,0.749,30,33
7-20-23_10arednuclei_ROI#10_annotation_nec.csv,0.4182648401826484,Necrosis,MCF10A+7-20-23_10arednuclei_roi#10_annotation_nec.csv,MCF10A,field11_colony,Necrosis,142,0.0,30,33
7-20-23_10arednuclei_ROI#13_or14_both_colonies_annotation_apop.csv,0.25006048874909265,Apoptosis,MCF10A+7-20-23_10arednuclei_roi#13_or14_both_colonies_annotation_apop.csv,MCF10A,field14_two_colony,Apoptosis,248,0.0,30,33
7-20-23_10arednuclei_ROI#13_or14_both_colonies_annotation_nec.csv,0.600830162573504,Necrosis,MCF10A+7-20-23_10arednuclei_roi#13_or14_both_colonies_annotation_nec.csv,MCF10A,field14_two_colony,Necrosis,348,0.0,30,33
field13_crop-001_ROI#1_annotation_mixed.csv,0.3859060402684564,MixedColony,MCF10A+field13_crop-001_roi#1_annotation_mixed.csv,MCF10A,field13_colony,mixed,546,0.0,30,33
Field14-002_ROI#1_annotation_mixed.csv,0.376919044409496,MixedColony,MCF10A+field14-002_roi#1_annotation_mixed.csv,MCF10A,field14_colony,mixed,641,0.0,30,33
7-20-23_10arednuclei_ROI#13_or14_both_colonies_annotation_mixed.csv,0.6228691447272017,MixedColony,MCF10A+7-20-23_10arednuclei_roi#13_or14_both_colonies_annotation_mixed.csv,MCF10A,field14_two_colony,mixed,596,0.0,30,33
field13_crop-001_ROI#1_annotation_apop.csv,0.09831460674157298,Apoptosis,MCF10A+field13_crop-001_roi#1_annotation_apop.csv,MCF10A,field13_colony,Apoptosis,237,0.0,60,33
field13_crop-001_ROI#1_annotation_nec.csv,0.3430420711974109,Necrosis,MCF10A+field13_crop-001_roi#1_annotation_nec.csv,MCF10A,field13_colony,Necrosis,309,0.0,60,33
Field14-002_ROI#1_annotation_apop.csv,0.19767441860465118,Apoptosis,MCF10A+field14-002_roi#1_annotation_apop.csv,MCF10A,field14_colony,Apoptosis,387,0.0,60,33
Field14-002_ROI#1_annotation_nec.csv,0.42302158273381285,Necrosis,MCF10A+field14-002_roi#1_annotation_nec.csv,MCF10A,field14_colony,Necrosis,249,0.0,60,33
7-20-23_10arednuclei_ROI#10_annotation_apop.csv,-1.1386861313868613,Apoptosis,MCF10A+7-20-23_10arednuclei_roi#10_annotation_apop.csv,MCF10A,field11_colony,Apoptosis,47,0.767,60,33
7-20-23_10arednuclei_ROI#10_annotation_nec.csv,0.40257352941176466,Necrosis,MCF10A+7-20-23_10arednuclei_roi#10_annotation_nec.csv,MCF10A,field11_colony,Necrosis,142,0.0,60,33
7-20-23_10arednuclei_ROI#13_or14_both_colonies_annotation_apop.csv,0.2501191043353978,Apoptosis,MCF10A+7-20-23_10arednuclei_roi#13_or14_both_colonies_annotation_apop.csv,MCF10A,field14_two_colony,Apoptosis,248,0.0,60,33
7-20-23_10arednuclei_ROI#13_or14_both_colonies_annotation_nec.csv,0.5984251968503936,Necrosis,MCF10A+7-20-23_10arednuclei_roi#13_or14_both_colonies_annotation_nec.csv,MCF10A,field14_two_colony,Necrosis,348,0.0,60,33
field13_crop-001_ROI#1_annotation_mixed.csv,0.38174536256323777,MixedColony,MCF10A+field13_crop-001_roi#1_annotation_mixed.csv,MCF10A,field13_colony,mixed,546,0.0,60,33
Field14-002_ROI#1_annotation_mixed.csv,0.37700494678459007,MixedColony,MCF10A+field14-002_roi#1_annotation_mixed.csv,MCF10A,field14_colony,mixed,641,0.0,60,33
7-20-23_10arednuclei_ROI#13_or14_both_colonies_annotation_mixed.csv,0.6216058394160584,MixedColony,MCF10A+7-20-23_10arednuclei_roi#13_or14_both_colonies_annotation_mixed.csv,MCF10A,field14_two_colony,mixed,596,0.0,60,33
field13_crop-001_ROI#1_annotation_apop.csv,0.08945686900958467,Apoptosis,MCF10A+field13_crop-001_roi#1_annotation_apop.csv,MCF10A,field13_colony,Apoptosis,237,0.002,90,33
field13_crop-001_ROI#1_annotation_nec.csv,0.33441558441558444,Necrosis,MCF10A+field13_crop-001_roi#1_annotation_nec.csv,MCF10A,field13_colony,Necrosis,309,0.0,90,33
Field14-002_ROI#1_annotation_apop.csv,0.19454123112659694,Apoptosis,MCF10A+field14-002_roi#1_annotation_apop.csv,MCF10A,field14_colony,Apoptosis,387,0.0,90,33
Field14-002_ROI#1_annotation_nec.csv,0.40042826552462524,Necrosis,MCF10A+field14-002_roi#1_annotation_nec.csv,MCF10A,field14_colony,Necrosis,249,0.0,90,33
7-20-23_10arednuclei_ROI#10_annotation_apop.csv,-1.2134831460674158,Apoptosis,MCF10A+7-20-23_10arednuclei_roi#10_annotation_apop.csv,MCF10A,field11_colony,Apoptosis,47,0.757,90,33
7-20-23_10arednuclei_ROI#10_annotation_nec.csv,0.40277777777777785,Necrosis,MCF10A+7-20-23_10arednuclei_roi#10_annotation_nec.csv,MCF10A,field11_colony,Necrosis,142,0.0,90,33
7-20-23_10arednuclei_ROI#13_or14_both_colonies_annotation_apop.csv,0.2502712477396022,Apoptosis,MCF10A+7-20-23_10arednuclei_roi#13_or14_both_colonies_annotation_apop.csv,MCF10A,field14_two_colony,Apoptosis,248,0.0,90,33
7-20-23_10arednuclei_ROI#13_or14_both_colonies_annotation_nec.csv,0.5970307529162249,Necrosis,MCF10A+7-20-23_10arednuclei_roi#13_or14_both_colonies_annotation_nec.csv,MCF10A,field14_two_colony,Necrosis,348,0.0,90,33
field13_crop-001_ROI#1_annotation_mixed.csv,0.38309239472030165,MixedColony,MCF10A+field13_crop-001_roi#1_annotation_mixed.csv,MCF10A,field13_colony,mixed,546,0.0,90,33
Field14-002_ROI#1_annotation_mixed.csv,0.371511498102255,MixedColony,MCF10A+field14-002_roi#1_annotation_mixed.csv,MCF10A,field14_colony,mixed,641,0.0,90,33
7-20-23_10arednuclei_ROI#13_or14_both_colonies_annotation_mixed.csv,0.6220102714600146,MixedColony,MCF10A+7-20-23_10arednuclei_roi#13_or14_both_colonies_annotation_mixed.csv,MCF10A,field14_two_colony,mixed,596,0.0,90,33
field13_crop-001_ROI#1_annotation_apop.csv,0.10186513629842187,Apoptosis,MCF10A+field13_crop-001_roi#1_annotation_apop.csv,MCF10A,field13_colony,Apoptosis,237,0.0,120,33
field13_crop-001_ROI#1_annotation_nec.csv,0.3927855711422846,Necrosis,MCF10A+field13_crop-001_roi#1_annotation_nec.csv,MCF10A,field13_colony,Necrosis,309,0.0,120,33
Field14-002_ROI#1_annotation_apop.csv,0.20477290223248648,Apoptosis,MCF10A+field14-002_roi#1_annotation_apop.csv,MCF10A,field14_colony,Apoptosis,387,0.0,120,33
Field14-002_ROI#1_annotation_nec.csv,0.4517906336088154,Necrosis,MCF10A+field14-002_roi#1_annotation_nec.csv,MCF10A,field14_colony,Necrosis,249,0.0,120,33
7-20-23_10arednuclei_ROI#10_annotation_apop.csv,-1.2121212121212122,Apoptosis,MCF10A+7-20-23_10arednuclei_roi#10_annotation_apop.csv,MCF10A,field11_colony,Apoptosis,47,0.746,120,33
7-20-23_10arednuclei_ROI#10_annotation_nec.csv,0.39560439560439564,Necrosis,MCF10A+7-20-23_10arednuclei_roi#10_annotation_nec.csv,MCF10A,field11_colony,Necrosis,142,0.0,120,33
7-20-23_10arednuclei_ROI#13_or14_both_colonies_annotation_apop.csv,0.2491434165442976,Apoptosis,MCF10A+7-20-23_10arednuclei_roi#13_or14_both_colonies_annotation_apop.csv,MCF10A,field14_two_colony,Apoptosis,248,0.0,120,33
7-20-23_10arednuclei_ROI#13_or14_both_colonies_annotation_nec.csv,0.5674931129476584,Necrosis,MCF10A+7-20-23_10arednuclei_roi#13_or14_both_colonies_annotation_nec.csv,MCF10A,field14_two_colony,Necrosis,348,0.0,120,33
field13_crop-001_ROI#1_annotation_mixed.csv,0.40248962655601667,MixedColony,MCF10A+field13_crop-001_roi#1_annotation_mixed.csv,MCF10A,field13_colony,mixed,546,0.0,120,33
Field14-002_ROI#1_annotation_mixed.csv,0.3807807807807808,MixedColony,MCF10A+field14-002_roi#1_annotation_mixed.csv,MCF10A,field14_colony,mixed,641,0.0,120,33
7-20-23_10arednuclei_ROI#13_or14_both_colonies_annotation_mixed.csv,0.6218701095461658,MixedColony,MCF10A+7-20-23_10arednuclei_roi#13_or14_both_colonies_annotation_mixed.csv,MCF10A,field14_two_colony,mixed,596,0.0,120,33
field13_crop-001_ROI#1_annotation_apop.csv,0.09285714285714287,Apoptosis,MCF10A+field13_crop-001_roi#1_annotation_apop.csv,MCF10A,field13_colony,Apoptosis,237,0.0,5,50
field13_crop-001_ROI#1_annotation_nec.csv,0.31451736270460456,Necrosis,MCF10A+field13_crop-001_roi#1_annotation_nec.csv,MCF10A,field13_colony,Necrosis,309,0.0,5,50
Field14-002_ROI#1_annotation_apop.csv,0.1727394764598715,Apoptosis,MCF10A+field14-002_roi#1_annotation_apop.csv,MCF10A,field14_colony,Apoptosis,387,0.0,5,50
Field14-002_ROI#1_annotation_nec.csv,0.31054687499999994,Necrosis,MCF10A+field14-002_roi#1_annotation_nec.csv,MCF10A,field14_colony,Necrosis,249,0.0,5,50
7-20-23_10arednuclei_ROI#10_annotation_apop.csv,-0.5195652173913043,Apoptosis,MCF10A+7-20-23_10arednuclei_roi#10_annotation_apop.csv,MCF10A,field11_colony,Apoptosis,47,0.548,5,50
7-20-23_10arednuclei_ROI#10_annotation_nec.csv,0.36872230428360414,Necrosis,MCF10A+7-20-23_10arednuclei_roi#10_annotation_nec.csv,MCF10A,field11_colony,Necrosis,142,0.0,5,50
7-20-23_10arednuclei_ROI#13_or14_both_colonies_annotation_apop.csv,0.24950540252625178,Apoptosis,MCF10A+7-20-23_10arednuclei_roi#13_or14_both_colonies_annotation_apop.csv,MCF10A,field14_two_colony,Apoptosis,248,0.0,5,50
7-20-23_10arednuclei_ROI#13_or14_both_colonies_annotation_nec.csv,0.5776362823949955,Necrosis,MCF10A+7-20-23_10arednuclei_roi#13_or14_both_colonies_annotation_nec.csv,MCF10A,field14_two_colony,Necrosis,348,0.0,5,50
field13_crop-001_ROI#1_annotation_mixed.csv,0.3485069885641677,MixedColony,MCF10A+field13_crop-001_roi#1_annotation_mixed.csv,MCF10A,field13_colony,mixed,546,0.0,5,50
Field14-002_ROI#1_annotation_mixed.csv,0.35145222512397045,MixedColony,MCF10A+field14-002_roi#1_annotation_mixed.csv,MCF10A,field14_colony,mixed,641,0.0,5,50
7-20-23_10arednuclei_ROI#13_or14_both_colonies_annotation_mixed.csv,0.6170884088911214,MixedColony,MCF10A+7-20-23_10arednuclei_roi#13_or14_both_colonies_annotation_mixed.csv,MCF10A,field14_two_colony,mixed,596,0.0,5,50
field13_crop-001_ROI#1_annotation_apop.csv,0.08923248882265282,Apoptosis,MCF10A+field13_crop-001_roi#1_annotation_apop.csv,MCF10A,field13_colony,Apoptosis,237,0.001,10,50
field13_crop-001_ROI#1_annotation_nec.csv,0.309169098448779,Necrosis,MCF10A+field13_crop-001_roi#1_annotation_nec.csv,MCF10A,field13_colony,Necrosis,309,0.0,10,50
Field14-002_ROI#1_annotation_apop.csv,0.16771983985335964,Apoptosis,MCF10A+field14-002_roi#1_annotation_apop.csv,MCF10A,field14_colony,Apoptosis,387,0.0,10,50
Field14-002_ROI#1_annotation_nec.csv,0.3123844731977819,Necrosis,MCF10A+field14-002_roi#1_annotation_nec.csv,MCF10A,field14_colony,Necrosis,249,0.0,10,50
7-20-23_10arednuclei_ROI#10_annotation_apop.csv,-0.5388002201430929,Apoptosis,MCF10A+7-20-23_10arednuclei_roi#10_annotation_apop.csv,MCF10A,field11_colony,Apoptosis,47,0.576,10,50
7-20-23_10arednuclei_ROI#10_annotation_nec.csv,0.3683724367263994,Necrosis,MCF10A+7-20-23_10arednuclei_roi#10_annotation_nec.csv,MCF10A,field11_colony,Necrosis,142,0.0,10,50
7-20-23_10arednuclei_ROI#13_or14_both_colonies_annotation_apop.csv,0.2499904946579978,Apoptosis,MCF10A+7-20-23_10arednuclei_roi#13_or14_both_colonies_annotation_apop.csv,MCF10A,field14_two_colony,Apoptosis,248,0.0,10,50
7-20-23_10arednuclei_ROI#13_or14_both_colonies_annotation_nec.csv,0.5780604843209464,Necrosis,MCF10A+7-20-23_10arednuclei_roi#13_or14_both_colonies_annotation_nec.csv,MCF10A,field14_two_colony,Necrosis,348,0.0,10,50
field13_crop-001_ROI#1_annotation_mixed.csv,0.3484069560802233,MixedColony,MCF10A+field13_crop-001_roi#1_annotation_mixed.csv,MCF10A,field13_colony,mixed,546,0.0,10,50
Field14-002_ROI#1_annotation_mixed.csv,0.3516425477976128,MixedColony,MCF10A+field14-002_roi#1_annotation_mixed.csv,MCF10A,field14_colony,mixed,641,0.0,10,50
7-20-23_10arednuclei_ROI#13_or14_both_colonies_annotation_mixed.csv,0.617610634729037,MixedColony,MCF10A+7-20-23_10arednuclei_roi#13_or14_both_colonies_annotation_mixed.csv,MCF10A,field14_two_colony,mixed,596,0.0,10,50
field13_crop-001_ROI#1_annotation_apop.csv,0.08910614525139668,Apoptosis,MCF10A+field13_crop-001_roi#1_annotation_apop.csv,MCF10A,field13_colony,Apoptosis,237,0.0,30,50
field13_crop-001_ROI#1_annotation_nec.csv,0.3070577451879011,Necrosis,MCF10A+field13_crop-001_roi#1_annotation_nec.csv,MCF10A,field13_colony,Necrosis,309,0.0,30,50
Field14-002_ROI#1_annotation_apop.csv,0.1711491442542788,Apoptosis,MCF10A+field14-002_roi#1_annotation_apop.csv,MCF10A,field14_colony,Apoptosis,387,0.0,30,50
Field14-002_ROI#1_annotation_nec.csv,0.3045175683212494,Necrosis,MCF10A+field14-002_roi#1_annotation_nec.csv,MCF10A,field14_colony,Necrosis,249,0.0,30,50
7-20-23_10arednuclei_ROI#10_annotation_apop.csv,-0.48960000000000015,Apoptosis,MCF10A+7-20-23_10arednuclei_roi#10_annotation_apop.csv,MCF10A,field11_colony,Apoptosis,47,0.556,30,50
7-20-23_10arednuclei_ROI#10_annotation_nec.csv,0.3713968957871397,Necrosis,MCF10A+7-20-23_10arednuclei_roi#10_annotation_nec.csv,MCF10A,field11_colony,Necrosis,142,0.0,30,50
7-20-23_10arednuclei_ROI#13_or14_both_colonies_annotation_apop.csv,0.24818611079120115,Apoptosis,MCF10A+7-20-23_10arednuclei_roi#13_or14_both_colonies_annotation_apop.csv,MCF10A,field14_two_colony,Apoptosis,248,0.0,30,50
7-20-23_10arednuclei_ROI#13_or14_both_colonies_annotation_nec.csv,0.5803750837240456,Necrosis,MCF10A+7-20-23_10arednuclei_roi#13_or14_both_colonies_annotation_nec.csv,MCF10A,field14_two_colony,Necrosis,348,0.0,30,50
field13_crop-001_ROI#1_annotation_mixed.csv,0.34706664135181325,MixedColony,MCF10A+field13_crop-001_roi#1_annotation_mixed.csv,MCF10A,field13_colony,mixed,546,0.0,30,50
Field14-002_ROI#1_annotation_mixed.csv,0.3524111675126904,MixedColony,MCF10A+field14-002_roi#1_annotation_mixed.csv,MCF10A,field14_colony,mixed,641,0.0,30,50
7-20-23_10arednuclei_ROI#13_or14_both_colonies_annotation_mixed.csv,0.6177556818181819,MixedColony,MCF10A+7-20-23_10arednuclei_roi#13_or14_both_colonies_annotation_mixed.csv,MCF10A,field14_two_colony,mixed,596,0.0,30,50
field13_crop-001_ROI#1_annotation_apop.csv,0.08964365256124729,Apoptosis,MCF10A+field13_crop-001_roi#1_annotation_apop.csv,MCF10A,field13_colony,Apoptosis,237,0.0,60,50
field13_crop-001_ROI#1_annotation_nec.csv,0.2903828197945845,Necrosis,MCF10A+field13_crop-001_roi#1_annotation_nec.csv,MCF10A,field13_colony,Necrosis,309,0.0,60,50
Field14-002_ROI#1_annotation_apop.csv,0.16517211455018802,Apoptosis,MCF10A+field14-002_roi#1_annotation_apop.csv,MCF10A,field14_colony,Apoptosis,387,0.0,60,50
Field14-002_ROI#1_annotation_nec.csv,0.2981298129812981,Necrosis,MCF10A+field14-002_roi#1_annotation_nec.csv,MCF10A,field14_colony,Necrosis,249,0.0,60,50
7-20-23_10arednuclei_ROI#10_annotation_apop.csv,-0.48089171974522293,Apoptosis,MCF10A+7-20-23_10arednuclei_roi#10_annotation_apop.csv,MCF10A,field11_colony,Apoptosis,47,0.53,60,50
7-20-23_10arednuclei_ROI#10_annotation_nec.csv,0.3592880978865406,Necrosis,MCF10A+7-20-23_10arednuclei_roi#10_annotation_nec.csv,MCF10A,field11_colony,Necrosis,142,0.0,60,50
7-20-23_10arednuclei_ROI#13_or14_both_colonies_annotation_apop.csv,0.24308887365775642,Apoptosis,MCF10A+7-20-23_10arednuclei_roi#13_or14_both_colonies_annotation_apop.csv,MCF10A,field14_two_colony,Apoptosis,248,0.0,60,50
7-20-23_10arednuclei_ROI#13_or14_both_colonies_annotation_nec.csv,0.5796002756719504,Necrosis,MCF10A+7-20-23_10arednuclei_roi#13_or14_both_colonies_annotation_nec.csv,MCF10A,field14_two_colony,Necrosis,348,0.0,60,50
field13_crop-001_ROI#1_annotation_mixed.csv,0.34494574528840655,MixedColony,MCF10A+field13_crop-001_roi#1_annotation_mixed.csv,MCF10A,field13_colony,mixed,546,0.0,60,50
Field14-002_ROI#1_annotation_mixed.csv,0.3505666624220044,MixedColony,MCF10A+field14-002_roi#1_annotation_mixed.csv,MCF10A,field14_colony,mixed,641,0.0,60,50
7-20-23_10arednuclei_ROI#13_or14_both_colonies_annotation_mixed.csv,0.6170453474120863,MixedColony,MCF10A+7-20-23_10arednuclei_roi#13_or14_both_colonies_annotation_mixed.csv,MCF10A,field14_two_colony,mixed,596,0.0,60,50
field13_crop-001_ROI#1_annotation_apop.csv,0.08612040133779261,Apoptosis,MCF10A+field13_crop-001_roi#1_annotation_apop.csv,MCF10A,field13_colony,Apoptosis,237,0.0,90,50
field13_crop-001_ROI#1_annotation_nec.csv,0.276536312849162,Necrosis,MCF10A+field13_crop-001_roi#1_annotation_nec.csv,MCF10A,field13_colony,Necrosis,309,0.0,90,50
Field14-002_ROI#1_annotation_apop.csv,0.15814558058925482,Apoptosis,MCF10A+field14-002_roi#1_annotation_apop.csv,MCF10A,field14_colony,Apoptosis,387,0.0,90,50
Field14-002_ROI#1_annotation_nec.csv,0.280327868852459,Necrosis,MCF10A+field14-002_roi#1_annotation_nec.csv,MCF10A,field14_colony,Necrosis,249,0.0,90,50
7-20-23_10arednuclei_ROI#10_annotation_apop.csv,-0.5242718446601943,Apoptosis,MCF10A+7-20-23_10arednuclei_roi#10_annotation_apop.csv,MCF10A,field11_colony,Apoptosis,47,0.567,90,50
7-20-23_10arednuclei_ROI#10_annotation_nec.csv,0.35483870967741943,Necrosis,MCF10A+7-20-23_10arednuclei_roi#10_annotation_nec.csv,MCF10A,field11_colony,Necrosis,142,0.0,90,50
7-20-23_10arednuclei_ROI#13_or14_both_colonies_annotation_apop.csv,0.24767161090031045,Apoptosis,MCF10A+7-20-23_10arednuclei_roi#13_or14_both_colonies_annotation_apop.csv,MCF10A,field14_two_colony,Apoptosis,248,0.0,90,50
7-20-23_10arednuclei_ROI#13_or14_both_colonies_annotation_nec.csv,0.5793244626407369,Necrosis,MCF10A+7-20-23_10arednuclei_roi#13_or14_both_colonies_annotation_nec.csv,MCF10A,field14_two_colony,Necrosis,348,0.0,90,50
field13_crop-001_ROI#1_annotation_mixed.csv,0.3435985172512118,MixedColony,MCF10A+field13_crop-001_roi#1_annotation_mixed.csv,MCF10A,field13_colony,mixed,546,0.0,90,50
Field14-002_ROI#1_annotation_mixed.csv,0.34621944286526446,MixedColony,MCF10A+field14-002_roi#1_annotation_mixed.csv,MCF10A,field14_colony,mixed,641,0.0,90,50
7-20-23_10arednuclei_ROI#13_or14_both_colonies_annotation_mixed.csv,0.6171786120591581,MixedColony,MCF10A+7-20-23_10arednuclei_roi#13_or14_both_colonies_annotation_mixed.csv,MCF10A,field14_two_colony,mixed,596,0.0,90,50
field13_crop-001_ROI#1_annotation_apop.csv,0.08542141230068338,Apoptosis,MCF10A+field13_crop-001_roi#1_annotation_apop.csv,MCF10A,field13_colony,Apoptosis,237,0.0,120,50
field13_crop-001_ROI#1_annotation_nec.csv,0.3397212543554007,Necrosis,MCF10A+field13_crop-001_roi#1_annotation_nec.csv,MCF10A,field13_colony,Necrosis,309,0.0,120,50
Field14-002_ROI#1_annotation_apop.csv,0.17126436781609192,Apoptosis,MCF10A+field14-002_roi#1_annotation_apop.csv,MCF10A,field14_colony,Apoptosis,387,0.0,120,50
Field14-002_ROI#1_annotation_nec.csv,0.32704402515723274,Necrosis,MCF10A+field14-002_roi#1_annotation_nec.csv,MCF10A,field14_colony,Necrosis,249,0.0,120,50
7-20-23_10arednuclei_ROI#10_annotation_apop.csv,-0.5032258064516129,Apoptosis,MCF10A+7-20-23_10arednuclei_roi#10_annotation_apop.csv,MCF10A,field11_colony,Apoptosis,47,0.551,120,50
7-20-23_10arednuclei_ROI#10_annotation_nec.csv,0.34292035398230086,Necrosis,MCF10A+7-20-23_10arednuclei_roi#10_annotation_nec.csv,MCF10A,field11_colony,Necrosis,142,0.0,120,50
7-20-23_10arednuclei_ROI#13_or14_both_colonies_annotation_apop.csv,0.24778348110125992,Apoptosis,MCF10A+7-20-23_10arednuclei_roi#13_or14_both_colonies_annotation_apop.csv,MCF10A,field14_two_colony,Apoptosis,248,0.0,120,50
7-20-23_10arednuclei_ROI#13_or14_both_colonies_annotation_nec.csv,0.547144754316069,Necrosis,MCF10A+7-20-23_10arednuclei_roi#13_or14_both_colonies_annotation_nec.csv,MCF10A,field14_two_colony,Necrosis,348,0.0,120,50
field13_crop-001_ROI#1_annotation_mixed.csv,0.3650674662668666,MixedColony,MCF10A+field13_crop-001_roi#1_annotation_mixed.csv,MCF10A,field13_colony,mixed,546,0.0,120,50
Field14-002_ROI#1_annotation_mixed.csv,0.3533010451185318,MixedColony,MCF10A+field14-002_roi#1_annotation_mixed.csv,MCF10A,field14_colony,mixed,641,0.0,120,50
7-20-23_10arednuclei_ROI#13_or14_both_colonies_annotation_mixed.csv,0.617557830868411,MixedColony,MCF10A+7-20-23_10arednuclei_roi#13_or14_both_colonies_annotation_mixed.csv,MCF10A,field14_two_colony,mixed,596,0.0,120,50
field13_crop-001_ROI#1_annotation_apop.csv,0.05672609400324154,Apoptosis,MCF10A+field13_crop-001_roi#1_annotation_apop.csv,MCF10A,field13_colony,Apoptosis,237,0.0,5,100
field13_crop-001_ROI#1_annotation_nec.csv,0.26372212692967406,Necrosis,MCF10A+field13_crop-001_roi#1_annotation_nec.csv,MCF10A,field13_colony,Necrosis,309,0.0,5,100
Field14-002_ROI#1_annotation_apop.csv,0.16256555898754127,Apoptosis,MCF10A+field14-002_roi#1_annotation_apop.csv,MCF10A,field14_colony,Apoptosis,387,0.0,5,100
Field14-002_ROI#1_annotation_nec.csv,0.21149717738729423,Necrosis,MCF10A+field14-002_roi#1_annotation_nec.csv,MCF10A,field14_colony,Necrosis,249,0.0,5,100
7-20-23_10arednuclei_ROI#10_annotation_apop.csv,0.030758393989199218,Apoptosis,MCF10A+7-20-23_10arednuclei_roi#10_annotation_apop.csv,MCF10A,field11_colony,Apoptosis,47,0.025,5,100
7-20-23_10arednuclei_ROI#10_annotation_nec.csv,0.3263078089461713,Necrosis,MCF10A+7-20-23_10arednuclei_roi#10_annotation_nec.csv,MCF10A,field11_colony,Necrosis,142,0.0,5,100
7-20-23_10arednuclei_ROI#13_or14_both_colonies_annotation_apop.csv,0.24865241465292792,Apoptosis,MCF10A+7-20-23_10arednuclei_roi#13_or14_both_colonies_annotation_apop.csv,MCF10A,field14_two_colony,Apoptosis,248,0.0,5,100
7-20-23_10arednuclei_ROI#13_or14_both_colonies_annotation_nec.csv,0.5474072466912562,Necrosis,MCF10A+7-20-23_10arednuclei_roi#13_or14_both_colonies_annotation_nec.csv,MCF10A,field14_two_colony,Necrosis,348,0.0,5,100
field13_crop-001_ROI#1_annotation_mixed.csv,0.33322008771387984,MixedColony,MCF10A+field13_crop-001_roi#1_annotation_mixed.csv,MCF10A,field13_colony,mixed,546,0.0,5,100
Field14-002_ROI#1_annotation_mixed.csv,0.33243396188281893,MixedColony,MCF10A+field14-002_roi#1_annotation_mixed.csv,MCF10A,field14_colony,mixed,641,0.0,5,100
7-20-23_10arednuclei_ROI#13_or14_both_colonies_annotation_mixed.csv,0.6093937068303914,MixedColony,MCF10A+7-20-23_10arednuclei_roi#13_or14_both_colonies_annotation_mixed.csv,MCF10A,field14_two_colony,mixed,596,0.0,5,100
field13_crop-001_ROI#1_annotation_apop.csv,0.0567948109476348,Apoptosis,MCF10A+field13_crop-001_roi#1_annotation_apop.csv,MCF10A,field13_colony,Apoptosis,237,0.0,10,100
field13_crop-001_ROI#1_annotation_nec.csv,0.26152304609218435,Necrosis,MCF10A+field13_crop-001_roi#1_annotation_nec.csv,MCF10A,field13_colony,Necrosis,309,0.0,10,100
Field14-002_ROI#1_annotation_apop.csv,0.16266533980179956,Apoptosis,MCF10A+field14-002_roi#1_annotation_apop.csv,MCF10A,field14_colony,Apoptosis,387,0.0,10,100
Field14-002_ROI#1_annotation_nec.csv,0.204,Necrosis,MCF10A+field14-002_roi#1_annotation_nec.csv,MCF10A,field14_colony,Necrosis,249,0.0,10,100
7-20-23_10arednuclei_ROI#10_annotation_apop.csv,0.03166783954961288,Apoptosis,MCF10A+7-20-23_10arednuclei_roi#10_annotation_apop.csv,MCF10A,field11_colony,Apoptosis,47,0.028,10,100
7-20-23_10arednuclei_ROI#10_annotation_nec.csv,0.32436131386861305,Necrosis,MCF10A+7-20-23_10arednuclei_roi#10_annotation_nec.csv,MCF10A,field11_colony,Necrosis,142,0.0,10,100
7-20-23_10arednuclei_ROI#13_or14_both_colonies_annotation_apop.csv,0.2495055307303494,Apoptosis,MCF10A+7-20-23_10arednuclei_roi#13_or14_both_colonies_annotation_apop.csv,MCF10A,field14_two_colony,Apoptosis,248,0.0,10,100
7-20-23_10arednuclei_ROI#13_or14_both_colonies_annotation_nec.csv,0.5478977026441266,Necrosis,MCF10A+7-20-23_10arednuclei_roi#13_or14_both_colonies_annotation_nec.csv,MCF10A,field14_two_colony,Necrosis,348,0.0,10,100
field13_crop-001_ROI#1_annotation_mixed.csv,0.33168393381784445,MixedColony,MCF10A+field13_crop-001_roi#1_annotation_mixed.csv,MCF10A,field13_colony,mixed,546,0.0,10,100
Field14-002_ROI#1_annotation_mixed.csv,0.33344089708166097,MixedColony,MCF10A+field14-002_roi#1_annotation_mixed.csv,MCF10A,field14_colony,mixed,641,0.0,10,100
7-20-23_10arednuclei_ROI#13_or14_both_colonies_annotation_mixed.csv,0.6089615538277144,MixedColony,MCF10A+7-20-23_10arednuclei_roi#13_or14_both_colonies_annotation_mixed.csv,MCF10A,field14_two_colony,mixed,596,0.0,10,100
field13_crop-001_ROI#1_annotation_apop.csv,0.0596308566019877,Apoptosis,MCF10A+field13_crop-001_roi#1_annotation_apop.csv,MCF10A,field13_colony,Apoptosis,237,0.0,30,100
field13_crop-001_ROI#1_annotation_nec.csv,0.25834046193327626,Necrosis,MCF10A+field13_crop-001_roi#1_annotation_nec.csv,MCF10A,field13_colony,Necrosis,309,0.0,30,100
Field14-002_ROI#1_annotation_apop.csv,0.16183604925985817,Apoptosis,MCF10A+field14-002_roi#1_annotation_apop.csv,MCF10A,field14_colony,Apoptosis,387,0.0,30,100
Field14-002_ROI#1_annotation_nec.csv,0.19575699132111857,Necrosis,MCF10A+field14-002_roi#1_annotation_nec.csv,MCF10A,field14_colony,Necrosis,249,0.0,30,100
7-20-23_10arednuclei_ROI#10_annotation_apop.csv,0.039721254355400845,Apoptosis,MCF10A+7-20-23_10arednuclei_roi#10_annotation_apop.csv,MCF10A,field11_colony,Apoptosis,47,0.027,30,100
7-20-23_10arednuclei_ROI#10_annotation_nec.csv,0.3255601280292639,Necrosis,MCF10A+7-20-23_10arednuclei_roi#10_annotation_nec.csv,MCF10A,field11_colony,Necrosis,142,0.0,30,100
7-20-23_10arednuclei_ROI#13_or14_both_colonies_annotation_apop.csv,0.2472521372266016,Apoptosis,MCF10A+7-20-23_10arednuclei_roi#13_or14_both_colonies_annotation_apop.csv,MCF10A,field14_two_colony,Apoptosis,248,0.0,30,100
7-20-23_10arednuclei_ROI#13_or14_both_colonies_annotation_nec.csv,0.5503901170351105,Necrosis,MCF10A+7-20-23_10arednuclei_roi#13_or14_both_colonies_annotation_nec.csv,MCF10A,field14_two_colony,Necrosis,348,0.0,30,100
field13_crop-001_ROI#1_annotation_mixed.csv,0.3289766407119022,MixedColony,MCF10A+field13_crop-001_roi#1_annotation_mixed.csv,MCF10A,field13_colony,mixed,546,0.0,30,100
Field14-002_ROI#1_annotation_mixed.csv,0.3314490639435934,MixedColony,MCF10A+field14-002_roi#1_annotation_mixed.csv,MCF10A,field14_colony,mixed,641,0.0,30,100
7-20-23_10arednuclei_ROI#13_or14_both_colonies_annotation_mixed.csv,0.6113291168459444,MixedColony,MCF10A+7-20-23_10arednuclei_roi#13_or14_both_colonies_annotation_mixed.csv,MCF10A,field14_two_colony,mixed,596,0.0,30,100
field13_crop-001_ROI#1_annotation_apop.csv,0.054950260540028446,Apoptosis,MCF10A+field13_crop-001_roi#1_annotation_apop.csv,MCF10A,field13_colony,Apoptosis,237,0.0,60,100
field13_crop-001_ROI#1_annotation_nec.csv,0.2368881118881118,Necrosis,MCF10A+field13_crop-001_roi#1_annotation_nec.csv,MCF10A,field13_colony,Necrosis,309,0.0,60,100
Field14-002_ROI#1_annotation_apop.csv,0.1601796407185628,Apoptosis,MCF10A+field14-002_roi#1_annotation_apop.csv,MCF10A,field14_colony,Apoptosis,387,0.0,60,100
Field14-002_ROI#1_annotation_nec.csv,0.19754253308128544,Necrosis,MCF10A+field14-002_roi#1_annotation_nec.csv,MCF10A,field14_colony,Necrosis,249,0.0,60,100
7-20-23_10arednuclei_ROI#10_annotation_apop.csv,0.029411764705882422,Apoptosis,MCF10A+7-20-23_10arednuclei_roi#10_annotation_apop.csv,MCF10A,field11_colony,Apoptosis,47,0.028,60,100
7-20-23_10arednuclei_ROI#10_annotation_nec.csv,0.3137614678899082,Necrosis,MCF10A+7-20-23_10arednuclei_roi#10_annotation_nec.csv,MCF10A,field11_colony,Necrosis,142,0.0,60,100
7-20-23_10arednuclei_ROI#13_or14_both_colonies_annotation_apop.csv,0.24506362439666518,Apoptosis,MCF10A+7-20-23_10arednuclei_roi#13_or14_both_colonies_annotation_apop.csv,MCF10A,field14_two_colony,Apoptosis,248,0.0,60,100
7-20-23_10arednuclei_ROI#13_or14_both_colonies_annotation_nec.csv,0.548993288590604,Necrosis,MCF10A+7-20-23_10arednuclei_roi#13_or14_both_colonies_annotation_nec.csv,MCF10A,field14_two_colony,Necrosis,348,0.0,60,100
field13_crop-001_ROI#1_annotation_mixed.csv,0.3280757097791798,MixedColony,MCF10A+field13_crop-001_roi#1_annotation_mixed.csv,MCF10A,field13_colony,mixed,546,0.0,60,100
Field14-002_ROI#1_annotation_mixed.csv,0.33264437689969595,MixedColony,MCF10A+field14-002_roi#1_annotation_mixed.csv,MCF10A,field14_colony,mixed,641,0.0,60,100
7-20-23_10arednuclei_ROI#13_or14_both_colonies_annotation_mixed.csv,0.6098167418731006,MixedColony,MCF10A+7-20-23_10arednuclei_roi#13_or14_both_colonies_annotation_mixed.csv,MCF10A,field14_two_colony,mixed,596,0.0,60,100
field13_crop-001_ROI#1_annotation_apop.csv,0.04846756949394157,Apoptosis,MCF10A+field13_crop-001_roi#1_annotation_apop.csv,MCF10A,field13_colony,Apoptosis,237,0.0,90,100
field13_crop-001_ROI#1_annotation_nec.csv,0.22323759791122721,Necrosis,MCF10A+field13_crop-001_roi#1_annotation_nec.csv,MCF10A,field13_colony,Necrosis,309,0.0,90,100
Field14-002_ROI#1_annotation_apop.csv,0.14789789789789795,Apoptosis,MCF10A+field14-002_roi#1_annotation_apop.csv,MCF10A,field14_colony,Apoptosis,387,0.0,90,100
Field14-002_ROI#1_annotation_nec.csv,0.18041958041958034,Necrosis,MCF10A+field14-002_roi#1_annotation_nec.csv,MCF10A,field14_colony,Necrosis,249,0.0,90,100
7-20-23_10arednuclei_ROI#10_annotation_apop.csv,0.010548523206751134,Apoptosis,MCF10A+7-20-23_10arednuclei_roi#10_annotation_apop.csv,MCF10A,field11_colony,Apoptosis,47,0.042,90,100
7-20-23_10arednuclei_ROI#10_annotation_nec.csv,0.30952380952380953,Necrosis,MCF10A+7-20-23_10arednuclei_roi#10_annotation_nec.csv,MCF10A,field11_colony,Necrosis,142,0.0,90,100
7-20-23_10arednuclei_ROI#13_or14_both_colonies_annotation_apop.csv,0.2441627751834556,Apoptosis,MCF10A+7-20-23_10arednuclei_roi#13_or14_both_colonies_annotation_apop.csv,MCF10A,field14_two_colony,Apoptosis,248,0.0,90,100
7-20-23_10arednuclei_ROI#13_or14_both_colonies_annotation_nec.csv,0.5509396636993076,Necrosis,MCF10A+7-20-23_10arednuclei_roi#13_or14_both_colonies_annotation_nec.csv,MCF10A,field14_two_colony,Necrosis,348,0.0,90,100
field13_crop-001_ROI#1_annotation_mixed.csv,0.32618981352630105,MixedColony,MCF10A+field13_crop-001_roi#1_annotation_mixed.csv,MCF10A,field13_colony,mixed,546,0.0,90,100
Field14-002_ROI#1_annotation_mixed.csv,0.32857142857142857,MixedColony,MCF10A+field14-002_roi#1_annotation_mixed.csv,MCF10A,field14_colony,mixed,641,0.0,90,100
7-20-23_10arednuclei_ROI#13_or14_both_colonies_annotation_mixed.csv,0.6091858037578288,MixedColony,MCF10A+7-20-23_10arednuclei_roi#13_or14_both_colonies_annotation_mixed.csv,MCF10A,field14_two_colony,mixed,596,0.0,90,100
field13_crop-001_ROI#1_annotation_apop.csv,0.045764362220058405,Apoptosis,MCF10A+field13_crop-001_roi#1_annotation_apop.csv,MCF10A,field13_colony,Apoptosis,237,0.002,120,100
field13_crop-001_ROI#1_annotation_nec.csv,0.28664495114006516,Necrosis,MCF10A+field13_crop-001_roi#1_annotation_nec.csv,MCF10A,field13_colony,Necrosis,309,0.0,120,100
Field14-002_ROI#1_annotation_apop.csv,0.16699702675916753,Apoptosis,MCF10A+field14-002_roi#1_annotation_apop.csv,MCF10A,field14_colony,Apoptosis,387,0.0,120,100
Field14-002_ROI#1_annotation_nec.csv,0.22784810126582283,Necrosis,MCF10A+field14-002_roi#1_annotation_nec.csv,MCF10A,field14_colony,Necrosis,249,0.0,120,100
7-20-23_10arednuclei_ROI#10_annotation_apop.csv,0.04371584699453555,Apoptosis,MCF10A+7-20-23_10arednuclei_roi#10_annotation_apop.csv,MCF10A,field11_colony,Apoptosis,47,0.021,120,100
7-20-23_10arednuclei_ROI#10_annotation_nec.csv,0.2846715328467153,Necrosis,MCF10A+7-20-23_10arednuclei_roi#10_annotation_nec.csv,MCF10A,field11_colony,Necrosis,142,0.0,120,100
7-20-23_10arednuclei_ROI#13_or14_both_colonies_annotation_apop.csv,0.24661857529305686,Apoptosis,MCF10A+7-20-23_10arednuclei_roi#13_or14_both_colonies_annotation_apop.csv,MCF10A,field14_two_colony,Apoptosis,248,0.0,120,100
7-20-23_10arednuclei_ROI#13_or14_both_colonies_annotation_nec.csv,0.5155038759689922,Necrosis,MCF10A+7-20-23_10arednuclei_roi#13_or14_both_colonies_annotation_nec.csv,MCF10A,field14_two_colony,Necrosis,348,0.0,120,100
field13_crop-001_ROI#1_annotation_mixed.csv,0.34615384615384615,MixedColony,MCF10A+field13_crop-001_roi#1_annotation_mixed.csv,MCF10A,field13_colony,mixed,546,0.0,120,100
Field14-002_ROI#1_annotation_mixed.csv,0.3357628765792031,MixedColony,MCF10A+field14-002_roi#1_annotation_mixed.csv,MCF10A,field14_colony,mixed,641,0.0,120,100
7-20-23_10arednuclei_ROI#13_or14_both_colonies_annotation_mixed.csv,0.6104112634309004,MixedColony,MCF10A+7-20-23_10arednuclei_roi#13_or14_both_colonies_annotation_mixed.csv,MCF10A,field14_two_colony,mixed,596,0.0,120,100
field13_crop-001_ROI#1_annotation_apop.csv,0.0505959246443675,Apoptosis,MCF10A+field13_crop-001_roi#1_annotation_apop.csv,MCF10A,field13_colony,Apoptosis,237,0.0,5,150
field13_crop-001_ROI#1_annotation_nec.csv,0.2602797795676134,Necrosis,MCF10A+field13_crop-001_roi#1_annotation_nec.csv,MCF10A,field13_colony,Necrosis,309,0.0,5,150
Field14-002_ROI#1_annotation_apop.csv,0.1627468854451534,Apoptosis,MCF10A+field14-002_roi#1_annotation_apop.csv,MCF10A,field14_colony,Apoptosis,387,0.0,5,150
Field14-002_ROI#1_annotation_nec.csv,0.17446941323345816,Necrosis,MCF10A+field14-002_roi#1_annotation_nec.csv,MCF10A,field14_colony,Necrosis,249,0.0,5,150
7-20-23_10arednuclei_ROI#10_annotation_apop.csv,0.08180656156795903,Apoptosis,MCF10A+7-20-23_10arednuclei_roi#10_annotation_apop.csv,MCF10A,field11_colony,Apoptosis,47,0.008,5,150
7-20-23_10arednuclei_ROI#10_annotation_nec.csv,0.3183447863758589,Necrosis,MCF10A+7-20-23_10arednuclei_roi#10_annotation_nec.csv,MCF10A,field11_colony,Necrosis,142,0.0,5,150
7-20-23_10arednuclei_ROI#13_or14_both_colonies_annotation_apop.csv,0.2511646383301434,Apoptosis,MCF10A+7-20-23_10arednuclei_roi#13_or14_both_colonies_annotation_apop.csv,MCF10A,field14_two_colony,Apoptosis,248,0.0,5,150
7-20-23_10arednuclei_ROI#13_or14_both_colonies_annotation_nec.csv,0.5374838431710469,Necrosis,MCF10A+7-20-23_10arednuclei_roi#13_or14_both_colonies_annotation_nec.csv,MCF10A,field14_two_colony,Necrosis,348,0.0,5,150
field13_crop-001_ROI#1_annotation_mixed.csv,0.32880288719956996,MixedColony,MCF10A+field13_crop-001_roi#1_annotation_mixed.csv,MCF10A,field13_colony,mixed,546,0.0,5,150
Field14-002_ROI#1_annotation_mixed.csv,0.3301986834470478,MixedColony,MCF10A+field14-002_roi#1_annotation_mixed.csv,MCF10A,field14_colony,mixed,641,0.0,5,150
7-20-23_10arednuclei_ROI#13_or14_both_colonies_annotation_mixed.csv,0.6043784922597784,MixedColony,MCF10A+7-20-23_10arednuclei_roi#13_or14_both_colonies_annotation_mixed.csv,MCF10A,field14_two_colony,mixed,596,0.0,5,150
field13_crop-001_ROI#1_annotation_apop.csv,0.04799012421881036,Apoptosis,MCF10A+field13_crop-001_roi#1_annotation_apop.csv,MCF10A,field13_colony,Apoptosis,237,0.0,10,150
field13_crop-001_ROI#1_annotation_nec.csv,0.2572602351607876,Necrosis,MCF10A+field13_crop-001_roi#1_annotation_nec.csv,MCF10A,field13_colony,Necrosis,309,0.0,10,150
Field14-002_ROI#1_annotation_apop.csv,0.16131520194844737,Apoptosis,MCF10A+field14-002_roi#1_annotation_apop.csv,MCF10A,field14_colony,Apoptosis,387,0.0,10,150
Field14-002_ROI#1_annotation_nec.csv,0.1760136709647352,Necrosis,MCF10A+field14-002_roi#1_annotation_nec.csv,MCF10A,field14_colony,Necrosis,249,0.0,10,150
7-20-23_10arednuclei_ROI#10_annotation_apop.csv,0.08628365486538048,Apoptosis,MCF10A+7-20-23_10arednuclei_roi#10_annotation_apop.csv,MCF10A,field11_colony,Apoptosis,47,0.005,10,150
7-20-23_10arednuclei_ROI#10_annotation_nec.csv,0.31691616766467057,Necrosis,MCF10A+7-20-23_10arednuclei_roi#10_annotation_nec.csv,MCF10A,field11_colony,Necrosis,142,0.0,10,150
7-20-23_10arednuclei_ROI#13_or14_both_colonies_annotation_apop.csv,0.2511375947995667,Apoptosis,MCF10A+7-20-23_10arednuclei_roi#13_or14_both_colonies_annotation_apop.csv,MCF10A,field14_two_colony,Apoptosis,248,0.0,10,150
7-20-23_10arednuclei_ROI#13_or14_both_colonies_annotation_nec.csv,0.5364853195164075,Necrosis,MCF10A+7-20-23_10arednuclei_roi#13_or14_both_colonies_annotation_nec.csv,MCF10A,field14_two_colony,Necrosis,348,0.0,10,150
field13_crop-001_ROI#1_annotation_mixed.csv,0.3286165935111575,MixedColony,MCF10A+field13_crop-001_roi#1_annotation_mixed.csv,MCF10A,field13_colony,mixed,546,0.0,10,150
Field14-002_ROI#1_annotation_mixed.csv,0.3289125731228464,MixedColony,MCF10A+field14-002_roi#1_annotation_mixed.csv,MCF10A,field14_colony,mixed,641,0.0,10,150
7-20-23_10arednuclei_ROI#13_or14_both_colonies_annotation_mixed.csv,0.6046681922196796,MixedColony,MCF10A+7-20-23_10arednuclei_roi#13_or14_both_colonies_annotation_mixed.csv,MCF10A,field14_two_colony,mixed,596,0.0,10,150
field13_crop-001_ROI#1_annotation_apop.csv,0.05253456221198148,Apoptosis,MCF10A+field13_crop-001_roi#1_annotation_apop.csv,MCF10A,field13_colony,Apoptosis,237,0.0,30,150
field13_crop-001_ROI#1_annotation_nec.csv,0.25664837484170544,Necrosis,MCF10A+field13_crop-001_roi#1_annotation_nec.csv,MCF10A,field13_colony,Necrosis,309,0.0,30,150
Field14-002_ROI#1_annotation_apop.csv,0.16170212765957442,Apoptosis,MCF10A+field14-002_roi#1_annotation_apop.csv,MCF10A,field14_colony,Apoptosis,387,0.0,30,150
Field14-002_ROI#1_annotation_nec.csv,0.16783872480075007,Necrosis,MCF10A+field14-002_roi#1_annotation_nec.csv,MCF10A,field14_colony,Necrosis,249,0.0,30,150
7-20-23_10arednuclei_ROI#10_annotation_apop.csv,0.09044908285895002,Apoptosis,MCF10A+7-20-23_10arednuclei_roi#10_annotation_apop.csv,MCF10A,field11_colony,Apoptosis,47,0.0,30,150
7-20-23_10arednuclei_ROI#10_annotation_nec.csv,0.31985624438454624,Necrosis,MCF10A+7-20-23_10arednuclei_roi#10_annotation_nec.csv,MCF10A,field11_colony,Necrosis,142,0.0,30,150
7-20-23_10arednuclei_ROI#13_or14_both_colonies_annotation_apop.csv,0.2522336020919591,Apoptosis,MCF10A+7-20-23_10arednuclei_roi#13_or14_both_colonies_annotation_apop.csv,MCF10A,field14_two_colony,Apoptosis,248,0.0,30,150
7-20-23_10arednuclei_ROI#13_or14_both_colonies_annotation_nec.csv,0.540374677002584,Necrosis,MCF10A+7-20-23_10arednuclei_roi#13_or14_both_colonies_annotation_nec.csv,MCF10A,field14_two_colony,Necrosis,348,0.0,30,150
field13_crop-001_ROI#1_annotation_mixed.csv,0.32690010109364953,MixedColony,MCF10A+field13_crop-001_roi#1_annotation_mixed.csv,MCF10A,field13_colony,mixed,546,0.0,30,150
Field14-002_ROI#1_annotation_mixed.csv,0.3300078129695294,MixedColony,MCF10A+field14-002_roi#1_annotation_mixed.csv,MCF10A,field14_colony,mixed,641,0.0,30,150
7-20-23_10arednuclei_ROI#13_or14_both_colonies_annotation_mixed.csv,0.6062818570050971,MixedColony,MCF10A+7-20-23_10arednuclei_roi#13_or14_both_colonies_annotation_mixed.csv,MCF10A,field14_two_colony,mixed,596,0.0,30,150
field13_crop-001_ROI#1_annotation_apop.csv,0.04442387783433598,Apoptosis,MCF10A+field13_crop-001_roi#1_annotation_apop.csv,MCF10A,field13_colony,Apoptosis,237,0.0,60,150
field13_crop-001_ROI#1_annotation_nec.csv,0.23993144815766917,Necrosis,MCF10A+field13_crop-001_roi#1_annotation_nec.csv,MCF10A,field13_colony,Necrosis,309,0.0,60,150
Field14-002_ROI#1_annotation_apop.csv,0.15987307786185012,Apoptosis,MCF10A+field14-002_roi#1_annotation_apop.csv,MCF10A,field14_colony,Apoptosis,387,0.0,60,150
Field14-002_ROI#1_annotation_nec.csv,0.1683532658693652,Necrosis,MCF10A+field14-002_roi#1_annotation_nec.csv,MCF10A,field14_colony,Necrosis,249,0.0,60,150
7-20-23_10arednuclei_ROI#10_annotation_apop.csv,0.08121827411167505,Apoptosis,MCF10A+7-20-23_10arednuclei_roi#10_annotation_apop.csv,MCF10A,field11_colony,Apoptosis,47,0.001,60,150
7-20-23_10arednuclei_ROI#10_annotation_nec.csv,0.3096309630963096,Necrosis,MCF10A+7-20-23_10arednuclei_roi#10_annotation_nec.csv,MCF10A,field11_colony,Necrosis,142,0.0,60,150
7-20-23_10arednuclei_ROI#13_or14_both_colonies_annotation_apop.csv,0.24962276352662216,Apoptosis,MCF10A+7-20-23_10arednuclei_roi#13_or14_both_colonies_annotation_apop.csv,MCF10A,field14_two_colony,Apoptosis,248,0.0,60,150
7-20-23_10arednuclei_ROI#13_or14_both_colonies_annotation_nec.csv,0.5395348837209302,Necrosis,MCF10A+7-20-23_10arednuclei_roi#13_or14_both_colonies_annotation_nec.csv,MCF10A,field14_two_colony,Necrosis,348,0.0,60,150
field13_crop-001_ROI#1_annotation_mixed.csv,0.3245436105476673,MixedColony,MCF10A+field13_crop-001_roi#1_annotation_mixed.csv,MCF10A,field13_colony,mixed,546,0.0,60,150
Field14-002_ROI#1_annotation_mixed.csv,0.33177120884402783,MixedColony,MCF10A+field14-002_roi#1_annotation_mixed.csv,MCF10A,field14_colony,mixed,641,0.0,60,150
7-20-23_10arednuclei_ROI#13_or14_both_colonies_annotation_mixed.csv,0.6040003670061473,MixedColony,MCF10A+7-20-23_10arednuclei_roi#13_or14_both_colonies_annotation_mixed.csv,MCF10A,field14_two_colony,mixed,596,0.0,60,150
field13_crop-001_ROI#1_annotation_apop.csv,0.04030576789437103,Apoptosis,MCF10A+field13_crop-001_roi#1_annotation_apop.csv,MCF10A,field13_colony,Apoptosis,237,0.001,90,150
field13_crop-001_ROI#1_annotation_nec.csv,0.22307692307692306,Necrosis,MCF10A+field13_crop-001_roi#1_annotation_nec.csv,MCF10A,field13_colony,Necrosis,309,0.0,90,150
Field14-002_ROI#1_annotation_apop.csv,0.14939582570486995,Apoptosis,MCF10A+field14-002_roi#1_annotation_apop.csv,MCF10A,field14_colony,Apoptosis,387,0.0,90,150
Field14-002_ROI#1_annotation_nec.csv,0.1504787961696306,Necrosis,MCF10A+field14-002_roi#1_annotation_nec.csv,MCF10A,field14_colony,Necrosis,249,0.0,90,150
7-20-23_10arednuclei_ROI#10_annotation_apop.csv,0.0685714285714285,Apoptosis,MCF10A+7-20-23_10arednuclei_roi#10_annotation_apop.csv,MCF10A,field11_colony,Apoptosis,47,0.007,90,150
7-20-23_10arednuclei_ROI#10_annotation_nec.csv,0.30261348005502064,Necrosis,MCF10A+7-20-23_10arednuclei_roi#10_annotation_nec.csv,MCF10A,field11_colony,Necrosis,142,0.0,90,150
7-20-23_10arednuclei_ROI#13_or14_both_colonies_annotation_apop.csv,0.2520404831864186,Apoptosis,MCF10A+7-20-23_10arednuclei_roi#13_or14_both_colonies_annotation_apop.csv,MCF10A,field14_two_colony,Apoptosis,248,0.0,90,150
7-20-23_10arednuclei_ROI#13_or14_both_colonies_annotation_nec.csv,0.5364891518737672,Necrosis,MCF10A+7-20-23_10arednuclei_roi#13_or14_both_colonies_annotation_nec.csv,MCF10A,field14_two_colony,Necrosis,348,0.0,90,150
field13_crop-001_ROI#1_annotation_mixed.csv,0.32376483577146015,MixedColony,MCF10A+field13_crop-001_roi#1_annotation_mixed.csv,MCF10A,field13_colony,mixed,546,0.0,90,150
Field14-002_ROI#1_annotation_mixed.csv,0.3253854428110433,MixedColony,MCF10A+field14-002_roi#1_annotation_mixed.csv,MCF10A,field14_colony,mixed,641,0.0,90,150
7-20-23_10arednuclei_ROI#13_or14_both_colonies_annotation_mixed.csv,0.6040686410185442,MixedColony,MCF10A+7-20-23_10arednuclei_roi#13_or14_both_colonies_annotation_mixed.csv,MCF10A,field14_two_colony,mixed,596,0.0,90,150
field13_crop-001_ROI#1_annotation_apop.csv,0.043519394512772064,Apoptosis,MCF10A+field13_crop-001_roi#1_annotation_apop.csv,MCF10A,field13_colony,Apoptosis,237,0.002,120,150
field13_crop-001_ROI#1_annotation_nec.csv,0.2857142857142857,Necrosis,MCF10A+field13_crop-001_roi#1_annotation_nec.csv,MCF10A,field13_colony,Necrosis,309,0.0,120,150
Field14-002_ROI#1_annotation_apop.csv,0.16940948693126814,Apoptosis,MCF10A+field14-002_roi#1_annotation_apop.csv,MCF10A,field14_colony,Apoptosis,387,0.0,120,150
Field14-002_ROI#1_annotation_nec.csv,0.19400352733686071,Necrosis,MCF10A+field14-002_roi#1_annotation_nec.csv,MCF10A,field14_colony,Necrosis,249,0.0,120,150
7-20-23_10arednuclei_ROI#10_annotation_apop.csv,0.08500000000000003,Apoptosis,MCF10A+7-20-23_10arednuclei_roi#10_annotation_apop.csv,MCF10A,field11_colony,Apoptosis,47,0.003,120,150
7-20-23_10arednuclei_ROI#10_annotation_nec.csv,0.27827648114901254,Necrosis,MCF10A+7-20-23_10arednuclei_roi#10_annotation_nec.csv,MCF10A,field11_colony,Necrosis,142,0.0,120,150
7-20-23_10arednuclei_ROI#13_or14_both_colonies_annotation_apop.csv,0.2537511032656663,Apoptosis,MCF10A+7-20-23_10arednuclei_roi#13_or14_both_colonies_annotation_apop.csv,MCF10A,field14_two_colony,Apoptosis,248,0.0,120,150
7-20-23_10arednuclei_ROI#13_or14_both_colonies_annotation_nec.csv,0.5076923076923077,Necrosis,MCF10A+7-20-23_10arednuclei_roi#13_or14_both_colonies_annotation_nec.csv,MCF10A,field14_two_colony,Necrosis,348,0.0,120,150
field13_crop-001_ROI#1_annotation_mixed.csv,0.344952795933188,MixedColony,MCF10A+field13_crop-001_roi#1_annotation_mixed.csv,MCF10A,field13_colony,mixed,546,0.0,120,150
Field14-002_ROI#1_annotation_mixed.csv,0.33301228027931623,MixedColony,MCF10A+field14-002_roi#1_annotation_mixed.csv,MCF10A,field14_colony,mixed,641,0.0,120,150
7-20-23_10arednuclei_ROI#13_or14_both_colonies_annotation_mixed.csv,0.6050497604128271,MixedColony,MCF10A+7-20-23_10arednuclei_roi#13_or14_both_colonies_annotation_mixed.csv,MCF10A,field14_two_colony,mixed,596,0.0,120,150
field13_crop-001_ROI#1_annotation_apop.csv,0.04378003203416973,Apoptosis,MCF10A+field13_crop-001_roi#1_annotation_apop.csv,MCF10A,field13_colony,Apoptosis,237,0.001,5,200
field13_crop-001_ROI#1_annotation_nec.csv,0.2624212736179147,Necrosis,MCF10A+field13_crop-001_roi#1_annotation_nec.csv,MCF10A,field13_colony,Necrosis,309,0.0,5,200
Field14-002_ROI#1_annotation_apop.csv,0.16087984002908565,Apoptosis,MCF10A+field14-002_roi#1_annotation_apop.csv,MCF10A,field14_colony,Apoptosis,387,0.0,5,200
Field14-002_ROI#1_annotation_nec.csv,0.10851573980973005,Necrosis,MCF10A+field14-002_roi#1_annotation_nec.csv,MCF10A,field14_colony,Necrosis,249,0.0,5,200
7-20-23_10arednuclei_ROI#10_annotation_apop.csv,0.09581589958158995,Apoptosis,MCF10A+7-20-23_10arednuclei_roi#10_annotation_apop.csv,MCF10A,field11_colony,Apoptosis,47,0.003,5,200
7-20-23_10arednuclei_ROI#10_annotation_nec.csv,0.31796549672813795,Necrosis,MCF10A+7-20-23_10arednuclei_roi#10_annotation_nec.csv,MCF10A,field11_colony,Necrosis,142,0.0,5,200
7-20-23_10arednuclei_ROI#13_or14_both_colonies_annotation_apop.csv,0.2497509251352121,Apoptosis,MCF10A+7-20-23_10arednuclei_roi#13_or14_both_colonies_annotation_apop.csv,MCF10A,field14_two_colony,Apoptosis,248,0.0,5,200
7-20-23_10arednuclei_ROI#13_or14_both_colonies_annotation_nec.csv,0.5326028574497798,Necrosis,MCF10A+7-20-23_10arednuclei_roi#13_or14_both_colonies_annotation_nec.csv,MCF10A,field14_two_colony,Necrosis,348,0.0,5,200
field13_crop-001_ROI#1_annotation_mixed.csv,0.3266153115763359,MixedColony,MCF10A+field13_crop-001_roi#1_annotation_mixed.csv,MCF10A,field13_colony,mixed,546,0.0,5,200
Field14-002_ROI#1_annotation_mixed.csv,0.3298868338401714,MixedColony,MCF10A+field14-002_roi#1_annotation_mixed.csv,MCF10A,field14_colony,mixed,641,0.0,5,200
7-20-23_10arednuclei_ROI#13_or14_both_colonies_annotation_mixed.csv,0.6019954138889311,MixedColony,MCF10A+7-20-23_10arednuclei_roi#13_or14_both_colonies_annotation_mixed.csv,MCF10A,field14_two_colony,mixed,596,0.0,5,200
field13_crop-001_ROI#1_annotation_apop.csv,0.04080538967998764,Apoptosis,MCF10A+field13_crop-001_roi#1_annotation_apop.csv,MCF10A,field13_colony,Apoptosis,237,0.001,10,200
field13_crop-001_ROI#1_annotation_nec.csv,0.25707447557370133,Necrosis,MCF10A+field13_crop-001_roi#1_annotation_nec.csv,MCF10A,field13_colony,Necrosis,309,0.0,10,200
Field14-002_ROI#1_annotation_apop.csv,0.1629453490246655,Apoptosis,MCF10A+field14-002_roi#1_annotation_apop.csv,MCF10A,field14_colony,Apoptosis,387,0.0,10,200
Field14-002_ROI#1_annotation_nec.csv,0.11220411927451585,Necrosis,MCF10A+field14-002_roi#1_annotation_nec.csv,MCF10A,field14_colony,Necrosis,249,0.0,10,200
7-20-23_10arednuclei_ROI#10_annotation_apop.csv,0.09920800333472277,Apoptosis,MCF10A+7-20-23_10arednuclei_roi#10_annotation_apop.csv,MCF10A,field11_colony,Apoptosis,47,0.002,10,200
7-20-23_10arednuclei_ROI#10_annotation_nec.csv,0.3184722841432605,Necrosis,MCF10A+7-20-23_10arednuclei_roi#10_annotation_nec.csv,MCF10A,field11_colony,Necrosis,142,0.0,10,200
7-20-23_10arednuclei_ROI#13_or14_both_colonies_annotation_apop.csv,0.2507639826593704,Apoptosis,MCF10A+7-20-23_10arednuclei_roi#13_or14_both_colonies_annotation_apop.csv,MCF10A,field14_two_colony,Apoptosis,248,0.0,10,200
7-20-23_10arednuclei_ROI#13_or14_both_colonies_annotation_nec.csv,0.5317477399913905,Necrosis,MCF10A+7-20-23_10arednuclei_roi#13_or14_both_colonies_annotation_nec.csv,MCF10A,field14_two_colony,Necrosis,348,0.0,10,200
field13_crop-001_ROI#1_annotation_mixed.csv,0.3256726113868971,MixedColony,MCF10A+field13_crop-001_roi#1_annotation_mixed.csv,MCF10A,field13_colony,mixed,546,0.0,10,200
Field14-002_ROI#1_annotation_mixed.csv,0.32921088326817205,MixedColony,MCF10A+field14-002_roi#1_annotation_mixed.csv,MCF10A,field14_colony,mixed,641,0.0,10,200
7-20-23_10arednuclei_ROI#13_or14_both_colonies_annotation_mixed.csv,0.6027193766958209,MixedColony,MCF10A+7-20-23_10arednuclei_roi#13_or14_both_colonies_annotation_mixed.csv,MCF10A,field14_two_colony,mixed,596,0.0,10,200
field13_crop-001_ROI#1_annotation_apop.csv,0.044830741079597426,Apoptosis,MCF10A+field13_crop-001_roi#1_annotation_apop.csv,MCF10A,field13_colony,Apoptosis,237,0.001,30,200
field13_crop-001_ROI#1_annotation_nec.csv,0.25639949643306753,Necrosis,MCF10A+field13_crop-001_roi#1_annotation_nec.csv,MCF10A,field13_colony,Necrosis,309,0.0,30,200
Field14-002_ROI#1_annotation_apop.csv,0.16178960096735193,Apoptosis,MCF10A+field14-002_roi#1_annotation_apop.csv,MCF10A,field14_colony,Apoptosis,387,0.0,30,200
Field14-002_ROI#1_annotation_nec.csv,0.10264746864839763,Necrosis,MCF10A+field14-002_roi#1_annotation_nec.csv,MCF10A,field14_colony,Necrosis,249,0.0,30,200
7-20-23_10arednuclei_ROI#10_annotation_apop.csv,0.10099750623441395,Apoptosis,MCF10A+7-20-23_10arednuclei_roi#10_annotation_apop.csv,MCF10A,field11_colony,Apoptosis,47,0.001,30,200
7-20-23_10arednuclei_ROI#10_annotation_nec.csv,0.31901565995525716,Necrosis,MCF10A+7-20-23_10arednuclei_roi#10_annotation_nec.csv,MCF10A,field11_colony,Necrosis,142,0.0,30,200
7-20-23_10arednuclei_ROI#13_or14_both_colonies_annotation_apop.csv,0.25176924726570865,Apoptosis,MCF10A+7-20-23_10arednuclei_roi#13_or14_both_colonies_annotation_apop.csv,MCF10A,field14_two_colony,Apoptosis,248,0.0,30,200
7-20-23_10arednuclei_ROI#13_or14_both_colonies_annotation_nec.csv,0.5368048858887818,Necrosis,MCF10A+7-20-23_10arednuclei_roi#13_or14_both_colonies_annotation_nec.csv,MCF10A,field14_two_colony,Necrosis,348,0.0,30,200
field13_crop-001_ROI#1_annotation_mixed.csv,0.32499770999358796,MixedColony,MCF10A+field13_crop-001_roi#1_annotation_mixed.csv,MCF10A,field13_colony,mixed,546,0.0,30,200
Field14-002_ROI#1_annotation_mixed.csv,0.32768667027091963,MixedColony,MCF10A+field14-002_roi#1_annotation_mixed.csv,MCF10A,field14_colony,mixed,641,0.0,30,200
7-20-23_10arednuclei_ROI#13_or14_both_colonies_annotation_mixed.csv,0.6037554824561403,MixedColony,MCF10A+7-20-23_10arednuclei_roi#13_or14_both_colonies_annotation_mixed.csv,MCF10A,field14_two_colony,mixed,596,0.0,30,200
field13_crop-001_ROI#1_annotation_apop.csv,0.036747818098300314,Apoptosis,MCF10A+field13_crop-001_roi#1_annotation_apop.csv,MCF10A,field13_colony,Apoptosis,237,0.001,60,200
field13_crop-001_ROI#1_annotation_nec.csv,0.2360992301112062,Necrosis,MCF10A+field13_crop-001_roi#1_annotation_nec.csv,MCF10A,field13_colony,Necrosis,309,0.0,60,200
Field14-002_ROI#1_annotation_apop.csv,0.15995145631067956,Apoptosis,MCF10A+field14-002_roi#1_annotation_apop.csv,MCF10A,field14_colony,Apoptosis,387,0.0,60,200
Field14-002_ROI#1_annotation_nec.csv,0.10401459854014597,Necrosis,MCF10A+field14-002_roi#1_annotation_nec.csv,MCF10A,field14_colony,Necrosis,249,0.0,60,200
7-20-23_10arednuclei_ROI#10_annotation_apop.csv,0.09022556390977438,Apoptosis,MCF10A+7-20-23_10arednuclei_roi#10_annotation_apop.csv,MCF10A,field11_colony,Apoptosis,47,0.0,60,200
7-20-23_10arednuclei_ROI#10_annotation_nec.csv,0.3054054054054054,Necrosis,MCF10A+7-20-23_10arednuclei_roi#10_annotation_nec.csv,MCF10A,field11_colony,Necrosis,142,0.0,60,200
7-20-23_10arednuclei_ROI#13_or14_both_colonies_annotation_apop.csv,0.24824803567636447,Apoptosis,MCF10A+7-20-23_10arednuclei_roi#13_or14_both_colonies_annotation_apop.csv,MCF10A,field14_two_colony,Apoptosis,248,0.0,60,200
7-20-23_10arednuclei_ROI#13_or14_both_colonies_annotation_nec.csv,0.5350993377483443,Necrosis,MCF10A+7-20-23_10arednuclei_roi#13_or14_both_colonies_annotation_nec.csv,MCF10A,field14_two_colony,Necrosis,348,0.0,60,200
field13_crop-001_ROI#1_annotation_mixed.csv,0.32167832167832167,MixedColony,MCF10A+field13_crop-001_roi#1_annotation_mixed.csv,MCF10A,field13_colony,mixed,546,0.0,60,200
Field14-002_ROI#1_annotation_mixed.csv,0.3301343570057581,MixedColony,MCF10A+field14-002_roi#1_annotation_mixed.csv,MCF10A,field14_colony,mixed,641,0.0,60,200
7-20-23_10arednuclei_ROI#13_or14_both_colonies_annotation_mixed.csv,0.6015332664050379,MixedColony,MCF10A+7-20-23_10arednuclei_roi#13_or14_both_colonies_annotation_mixed.csv,MCF10A,field14_two_colony,mixed,596,0.0,60,200
field13_crop-001_ROI#1_annotation_apop.csv,0.02908587257617729,Apoptosis,MCF10A+field13_crop-001_roi#1_annotation_apop.csv,MCF10A,field13_colony,Apoptosis,237,0.003,90,200
field13_crop-001_ROI#1_annotation_nec.csv,0.21666666666666662,Necrosis,MCF10A+field13_crop-001_roi#1_annotation_nec.csv,MCF10A,field13_colony,Necrosis,309,0.0,90,200
Field14-002_ROI#1_annotation_apop.csv,0.14775629332360463,Apoptosis,MCF10A+field14-002_roi#1_annotation_apop.csv,MCF10A,field14_colony,Apoptosis,387,0.0,90,200
Field14-002_ROI#1_annotation_nec.csv,0.0894308943089431,Necrosis,MCF10A+field14-002_roi#1_annotation_nec.csv,MCF10A,field14_colony,Necrosis,249,0.0,90,200
7-20-23_10arednuclei_ROI#10_annotation_apop.csv,0.09426987060998161,Apoptosis,MCF10A+7-20-23_10arednuclei_roi#10_annotation_apop.csv,MCF10A,field11_colony,Apoptosis,47,0.003,90,200
7-20-23_10arednuclei_ROI#10_annotation_nec.csv,0.30327868852459017,Necrosis,MCF10A+7-20-23_10arednuclei_roi#10_annotation_nec.csv,MCF10A,field11_colony,Necrosis,142,0.0,90,200
7-20-23_10arednuclei_ROI#13_or14_both_colonies_annotation_apop.csv,0.24895195098355363,Apoptosis,MCF10A+7-20-23_10arednuclei_roi#13_or14_both_colonies_annotation_apop.csv,MCF10A,field14_two_colony,Apoptosis,248,0.0,90,200
7-20-23_10arednuclei_ROI#13_or14_both_colonies_annotation_nec.csv,0.5322896281800392,Necrosis,MCF10A+7-20-23_10arednuclei_roi#13_or14_both_colonies_annotation_nec.csv,MCF10A,field14_two_colony,Necrosis,348,0.0,90,200
field13_crop-001_ROI#1_annotation_mixed.csv,0.3211236573946572,MixedColony,MCF10A+field13_crop-001_roi#1_annotation_mixed.csv,MCF10A,field13_colony,mixed,546,0.0,90,200
Field14-002_ROI#1_annotation_mixed.csv,0.324512783836939,MixedColony,MCF10A+field14-002_roi#1_annotation_mixed.csv,MCF10A,field14_colony,mixed,641,0.0,90,200
7-20-23_10arednuclei_ROI#13_or14_both_colonies_annotation_mixed.csv,0.6014592511013216,MixedColony,MCF10A+7-20-23_10arednuclei_roi#13_or14_both_colonies_annotation_mixed.csv,MCF10A,field14_two_colony,mixed,596,0.0,90,200
field13_crop-001_ROI#1_annotation_apop.csv,0.035747883349012126,Apoptosis,MCF10A+field13_crop-001_roi#1_annotation_apop.csv,MCF10A,field13_colony,Apoptosis,237,0.002,120,200
field13_crop-001_ROI#1_annotation_nec.csv,0.2843450479233227,Necrosis,MCF10A+field13_crop-001_roi#1_annotation_nec.csv,MCF10A,field13_colony,Necrosis,309,0.0,120,200
Field14-002_ROI#1_annotation_apop.csv,0.16859344894026973,Apoptosis,MCF10A+field14-002_roi#1_annotation_apop.csv,MCF10A,field14_colony,Apoptosis,387,0.0,120,200
Field14-002_ROI#1_annotation_nec.csv,0.13763066202090596,Necrosis,MCF10A+field14-002_roi#1_annotation_nec.csv,MCF10A,field14_colony,Necrosis,249,0.0,120,200
7-20-23_10arednuclei_ROI#10_annotation_apop.csv,0.09828009828009823,Apoptosis,MCF10A+7-20-23_10arednuclei_roi#10_annotation_apop.csv,MCF10A,field11_colony,Apoptosis,47,0.003,120,200
7-20-23_10arednuclei_ROI#10_annotation_nec.csv,0.27468581687612204,Necrosis,MCF10A+7-20-23_10arednuclei_roi#10_annotation_nec.csv,MCF10A,field11_colony,Necrosis,142,0.0,120,200
7-20-23_10arednuclei_ROI#13_or14_both_colonies_annotation_apop.csv,0.24989097252507642,Apoptosis,MCF10A+7-20-23_10arednuclei_roi#13_or14_both_colonies_annotation_apop.csv,MCF10A,field14_two_colony,Apoptosis,248,0.0,120,200
7-20-23_10arednuclei_ROI#13_or14_both_colonies_annotation_nec.csv,0.5031847133757963,Necrosis,MCF10A+7-20-23_10arednuclei_roi#13_or14_both_colonies_annotation_nec.csv,MCF10A,field14_two_colony,Necrosis,348,0.0,120,200
field13_crop-001_ROI#1_annotation_mixed.csv,0.34251540413193193,MixedColony,MCF10A+field13_crop-001_roi#1_annotation_mixed.csv,MCF10A,field13_colony,mixed,546,0.0,120,200
Field14-002_ROI#1_annotation_mixed.csv,0.331410718577265,MixedColony,MCF10A+field14-002_roi#1_annotation_mixed.csv,MCF10A,field14_colony,mixed,641,0.0,120,200
7-20-23_10arednuclei_ROI#13_or14_both_colonies_annotation_mixed.csv,0.6017991554984394,MixedColony,MCF10A+7-20-23_10arednuclei_roi#13_or14_both_colonies_annotation_mixed.csv,MCF10A,field14_two_colony,mixed,596,0.0,120,200
